DATE,GDPC1
1/1/1960,3275.757
4/1/1960,3258.088
7/1/1960,3274.029
10/1/1960,3232.009
1/1/1961,3253.826
4/1/1961,3309.059
7/1/1961,3372.581
10/1/1961,3438.721
1/1/1962,3500.054
4/1/1962,3531.683
7/1/1962,3575.07
10/1/1962,3586.827
1/1/1963,3625.981
4/1/1963,3666.669
7/1/1963,3747.278
10/1/1963,3771.845
1/1/1964,3851.366
4/1/1964,3893.296
7/1/1964,3954.121
10/1/1964,3966.335
1/1/1965,4062.311
4/1/1965,4113.629
7/1/1965,4205.086
10/1/1965,4301.973
1/1/1966,4406.693
4/1/1966,4421.747
7/1/1966,4459.195
10/1/1966,4495.777
1/1/1967,4535.591
4/1/1967,4538.37
7/1/1967,4581.309
10/1/1967,4615.853
1/1/1968,4709.993
4/1/1968,4788.688
7/1/1968,4825.799
10/1/1968,4844.779
1/1/1969,4920.605
4/1/1969,4935.564
7/1/1969,4968.164
10/1/1969,4943.935
1/1/1970,4936.594
4/1/1970,4943.6
7/1/1970,4989.159
10/1/1970,4935.693
1/1/1971,5069.746
4/1/1971,5097.179
7/1/1971,5139.128
10/1/1971,5151.245
1/1/1972,5245.974
4/1/1972,5365.045
7/1/1972,5415.712
10/1/1972,5506.396
1/1/1973,5642.669
4/1/1973,5704.098
7/1/1973,5674.1
10/1/1973,5727.96
1/1/1974,5678.713
4/1/1974,5692.21
7/1/1974,5638.411
10/1/1974,5616.526
1/1/1975,5548.156
4/1/1975,5587.8
7/1/1975,5683.444
10/1/1975,5759.972
1/1/1976,5889.5
4/1/1976,5932.711
7/1/1976,5965.265
10/1/1976,6008.504
1/1/1977,6079.494
4/1/1977,6197.686
7/1/1977,6309.514
10/1/1977,6309.652
1/1/1978,6329.791
4/1/1978,6574.39
7/1/1978,6640.497
10/1/1978,6729.755
1/1/1979,6741.854
4/1/1979,6749.063
7/1/1979,6799.2
10/1/1979,6816.203
1/1/1980,6837.641
4/1/1980,6696.753
7/1/1980,6688.794
10/1/1980,6813.535
1/1/1981,6947.042
4/1/1981,6895.559
7/1/1981,6978.135
10/1/1981,6902.105
1/1/1982,6794.878
4/1/1982,6825.876
7/1/1982,6799.781
10/1/1982,6802.497
1/1/1983,6892.144
4/1/1983,7048.982
7/1/1983,7189.896
10/1/1983,7339.893
1/1/1984,7483.371
4/1/1984,7612.668
7/1/1984,7686.059
10/1/1984,7749.151
1/1/1985,7824.247
4/1/1985,7893.136
7/1/1985,8013.674
10/1/1985,8073.239
1/1/1986,8148.603
4/1/1986,8185.303
7/1/1986,8263.639
10/1/1986,8308.021
1/1/1987,8369.93
4/1/1987,8460.233
7/1/1987,8533.635
10/1/1987,8680.162
1/1/1988,8725.006
4/1/1988,8839.641
7/1/1988,8891.435
10/1/1988,9009.913
1/1/1989,9101.508
4/1/1989,9170.977
7/1/1989,9238.923
10/1/1989,9257.128
1/1/1990,9358.289
4/1/1990,9392.251
7/1/1990,9398.499
10/1/1990,9312.937
1/1/1991,9269.367
4/1/1991,9341.642
7/1/1991,9388.845
10/1/1991,9421.565
1/1/1992,9534.346
4/1/1992,9637.732
7/1/1992,9732.979
10/1/1992,9834.51
1/1/1993,9850.973
4/1/1993,9908.347
7/1/1993,9955.641
10/1/1993,10091.049
1/1/1994,10188.954
4/1/1994,10327.019
7/1/1994,10387.382
10/1/1994,10506.372
1/1/1995,10543.644
4/1/1995,10575.1
7/1/1995,10665.06
10/1/1995,10737.478
1/1/1996,10817.896
4/1/1996,10998.322
7/1/1996,11096.976
10/1/1996,11212.205
1/1/1997,11284.587
4/1/1997,11472.137
7/1/1997,11615.636
10/1/1997,11715.393
1/1/1998,11832.486
4/1/1998,11942.032
7/1/1998,12091.614
10/1/1998,12287
1/1/1999,12403.293
4/1/1999,12498.694
7/1/1999,12662.385
10/1/1999,12877.593
1/1/2000,12924.179
4/1/2000,13160.842
7/1/2000,13178.419
10/1/2000,13260.506
1/1/2001,13222.69
4/1/2001,13299.984
7/1/2001,13244.784
10/1/2001,13280.859
1/1/2002,13397.002
4/1/2002,13478.152
7/1/2002,13538.072
10/1/2002,13559.032
1/1/2003,13634.253
4/1/2003,13751.543
7/1/2003,13985.073
10/1/2003,14145.645
1/1/2004,14221.147
4/1/2004,14329.523
7/1/2004,14464.984
10/1/2004,14609.876
1/1/2005,14771.602
4/1/2005,14839.782
7/1/2005,14972.054
10/1/2005,15066.597
1/1/2006,15267.026
4/1/2006,15302.705
7/1/2006,15326.368
10/1/2006,15456.928
1/1/2007,15493.328
4/1/2007,15582.085
7/1/2007,15666.738
10/1/2007,15761.967
1/1/2008,15671.383
4/1/2008,15752.308
7/1/2008,15667.032
10/1/2008,15328.027
1/1/2009,15155.94
4/1/2009,15134.117
7/1/2009,15189.222
10/1/2009,15356.058
1/1/2010,15415.145
4/1/2010,15557.277
7/1/2010,15671.967
10/1/2010,15750.625
1/1/2011,15712.754
4/1/2011,15825.096
7/1/2011,15820.7
10/1/2011,16004.107
1/1/2012,16129.418
4/1/2012,16198.807
7/1/2012,16220.667
10/1/2012,16239.138
1/1/2013,16382.964
4/1/2013,16403.18
7/1/2013,16531.685
10/1/2013,16663.649
1/1/2014,16616.54
4/1/2014,16841.475
7/1/2014,17047.098
10/1/2014,17143.038
1/1/2015,17305.752
4/1/2015,17422.845
7/1/2015,17486.021
10/1/2015,17514.062
1/1/2016,17613.264
4/1/2016,17668.203
7/1/2016,17764.388
10/1/2016,17876.179
1/1/2017,17977.299
4/1/2017,18054.052
7/1/2017,18185.636
10/1/2017,18359.432
1/1/2018,18530.483
4/1/2018,18654.383
7/1/2018,18752.355
10/1/2018,18813.923
1/1/2019,18950.347
4/1/2019,19020.599
7/1/2019,19141.744
10/1/2019,19253.959
1/1/2020,19010.848
4/1/2020,17302.511
7/1/2020,18596.521
10/1/2020,18780.325
